date,fuel_index,fuel_price_usd
2026-01-01,106.58,0.991
2026-01-02,106.04,0.906
2026-01-03,101.26,0.906
2026-01-04,101.32,0.935
2026-01-05,101.84,0.967
2026-01-06,108.29,0.845
2026-01-07,101.62,0.972
2026-01-08,107.62,0.981
2026-01-09,100.78,0.98
2026-01-10,102.08,0.945
2026-01-11,107.26,0.904
2026-01-12,102.85,0.977
2026-01-13,101.13,0.91
2026-01-14,101.8,0.807
2026-01-15,106.96,0.856
2026-01-16,100.12,0.903
2026-01-17,104.95,0.923
2026-01-18,100.67,0.803
2026-01-19,109.48,0.947
2026-01-20,106.87,0.939
2026-01-21,100.58,0.881
2026-01-22,102.39,0.803
2026-01-23,100.31,0.861
2026-01-24,103.65,0.966
2026-01-25,109.19,0.882
2026-01-26,102.78,0.987
2026-01-27,104.03,0.921
2026-01-28,104.08,0.91
2026-01-29,108.98,0.85
2026-01-30,107.03,0.905
2026-01-31,100.09,0.887
2026-02-01,106.17,0.848
2026-02-02,105.74,0.95
2026-02-03,108.44,0.872
2026-02-04,100.52,0.84
2026-02-05,109.75,0.959
2026-02-06,106.6,0.981
2026-02-07,103.03,0.992
2026-02-08,105.14,0.989
2026-02-09,102.28,0.847
2026-02-10,100.15,0.896
2026-02-11,104.35,0.997
2026-02-12,104.02,0.821
2026-02-13,100.55,0.866
2026-02-14,100.04,0.986
2026-02-15,107.33,0.843
2026-02-16,103.66,0.938
2026-02-17,104.95,0.879
2026-02-18,108.88,0.977
2026-02-19,100.74,0.922
2026-02-20,106.88,0.978
2026-02-21,106.47,0.874
2026-02-22,109.72,0.898
2026-02-23,104.42,0.807
2026-02-24,102.55,0.864
2026-02-25,100.1,0.818
2026-02-26,101.77,0.955
2026-02-27,106.53,0.867
2026-02-28,109.97,0.881
2026-03-01,100.62,0.89
2026-03-02,106.0,0.854
2026-03-03,107.06,0.992
2026-03-04,109.43,0.813
2026-03-05,108.23,0.859
2026-03-06,109.1,0.908
2026-03-07,100.87,0.868
2026-03-08,104.88,0.914
2026-03-09,103.25,0.809
2026-03-10,104.21,0.807
2026-03-11,102.42,0.888
2026-03-12,109.53,0.817
2026-03-13,101.2,0.908
2026-03-14,101.8,0.85
2026-03-15,101.62,0.806
2026-03-16,103.18,0.976
2026-03-17,101.8,0.942
2026-03-18,101.62,0.802
2026-03-19,106.39,0.981
2026-03-20,102.52,0.948
2026-03-21,104.47,0.974
2026-03-22,104.76,0.943
2026-03-23,109.08,0.857
2026-03-24,102.56,0.837
2026-03-25,101.14,0.967
2026-03-26,101.56,0.919
2026-03-27,100.64,0.812
2026-03-28,101.3,0.998
2026-03-29,105.01,0.943
2026-03-30,109.67,0.884
2026-03-31,106.87,0.937
2026-04-01,103.72,0.979
2026-04-02,108.28,0.997
2026-04-03,109.31,0.899
2026-04-04,103.14,0.838
2026-04-05,106.27,0.974
2026-04-06,101.79,0.919
2026-04-07,103.19,0.858
2026-04-08,107.15,0.833
2026-04-09,109.27,0.865
2026-04-10,101.76,0.949
2026-04-11,109.53,0.824
2026-04-12,107.4,0.988
2026-04-13,109.41,0.917
2026-04-14,104.4,0.993
2026-04-15,108.6,0.879
2026-04-16,103.7,0.801
2026-04-17,107.47,0.928
2026-04-18,105.25,0.809
2026-04-19,109.08,0.839
2026-04-20,103.95,0.866
2026-04-21,104.07,0.905
2026-04-22,100.85,0.949
2026-04-23,104.3,0.944
2026-04-24,100.27,0.84
2026-04-25,100.4,0.973
2026-04-26,106.23,0.988
2026-04-27,109.83,0.912
2026-04-28,102.77,0.905
2026-04-29,100.92,0.882
2026-04-30,107.53,0.918
2026-05-01,103.46,0.954
2026-05-02,109.02,0.869
2026-05-03,104.1,0.879
2026-05-04,101.98,0.938
2026-05-05,105.53,0.833
2026-05-06,103.32,0.843
2026-05-07,102.08,0.972
2026-05-08,104.49,0.922
2026-05-09,104.62,0.999
2026-05-10,107.39,0.942
2026-05-11,107.64,0.945
2026-05-12,102.62,0.879
2026-05-13,106.98,0.879
2026-05-14,109.13,0.943
2026-05-15,109.83,0.806
2026-05-16,105.47,0.989
2026-05-17,107.6,0.811
2026-05-18,106.7,0.95
2026-05-19,103.48,0.887
2026-05-20,104.01,0.836
2026-05-21,102.93,0.907
2026-05-22,106.36,0.896
2026-05-23,109.38,0.801
2026-05-24,101.85,0.952
2026-05-25,108.27,0.923
2026-05-26,107.9,0.873
2026-05-27,108.71,0.878
2026-05-28,103.98,0.895
2026-05-29,103.43,0.872
2026-05-30,106.96,0.953
2026-05-31,104.1,0.915
2026-06-01,106.48,0.98
2026-06-02,107.77,0.897
2026-06-03,103.48,0.97
2026-06-04,105.26,0.931
2026-06-05,107.05,0.823
2026-06-06,108.48,0.834
2026-06-07,108.89,0.928
2026-06-08,100.83,0.844
2026-06-09,106.19,0.917
2026-06-10,104.76,0.951
2026-06-11,109.95,0.81
2026-06-12,105.74,0.979
2026-06-13,102.65,0.876
2026-06-14,109.74,0.911
2026-06-15,100.62,0.88
2026-06-16,100.71,0.873
2026-06-17,106.83,0.964
2026-06-18,102.38,0.883
2026-06-19,108.13,0.921
2026-06-20,106.8,0.886
2026-06-21,109.79,0.908
2026-06-22,107.77,0.803
2026-06-23,103.94,0.864
2026-06-24,101.09,0.901
2026-06-25,100.11,0.944
2026-06-26,100.95,0.99
2026-06-27,109.8,0.98
2026-06-28,102.36,0.974
2026-06-29,103.68,0.929
2026-06-30,101.47,0.825
